{"cameraMode":{"drawMode":0,"name":"Shaded","section":"Shading Mode"},"sceneLighting":false,"audioPlay":false,"sceneViewState":{"m_AlwaysRefresh":false,"showFog":true,"showSkybox":false,"showFlares":true,"showImageEffects":true,"showParticleSystems":true,"showVisualEffectGraphs":true,"m_FxEnabled":false},"in2DMode":false,"pivot":{"x":0.20437073707580567,"y":1.1324498653411866,"z":0.10727769136428833},"rotation":{"x":0.003397158347070217,"y":0.9956581592559815,"z":-0.04034627974033356,"w":0.08383259177207947},"size":0.7634304165840149,"orthographic":true}