{"cameraMode":{"drawMode":0,"name":"Shaded","section":"Shading Mode"},"sceneLighting":false,"audioPlay":false,"sceneViewState":{"m_AlwaysRefresh":false,"showFog":true,"showSkybox":false,"showFlares":true,"showImageEffects":true,"showParticleSystems":true,"showVisualEffectGraphs":true,"m_FxEnabled":true},"in2DMode":false,"pivot":{"x":0.000010102987289428711,"y":0.4158088266849518,"z":0.013206657022237778},"rotation":{"x":0.04750291630625725,"y":-0.9442656636238098,"z":0.1572333574295044,"w":0.2852787971496582},"size":0.6609227657318115,"orthographic":false}