{"cameraMode":{"drawMode":0,"name":"Shaded","section":"Shading Mode"},"sceneLighting":false,"audioPlay":false,"sceneViewState":{"m_AlwaysRefresh":false,"showFog":true,"showSkybox":false,"showFlares":true,"showImageEffects":true,"showParticleSystems":true,"showVisualEffectGraphs":true,"m_FxEnabled":true},"in2DMode":false,"pivot":{"x":2.384185791015625e-7,"y":0.8866385221481323,"z":0.027161523699760438},"rotation":{"x":-0.04356963559985161,"y":0.9213918447494507,"z":-0.1082974523305893,"w":-0.370689332485199},"size":1.2611554861068726,"orthographic":false}