{"cameraMode":{"drawMode":0,"name":"Shaded","section":"Shading Mode"},"sceneLighting":false,"audioPlay":false,"sceneViewState":{"m_AlwaysRefresh":false,"showFog":true,"showSkybox":false,"showFlares":true,"showImageEffects":true,"showParticleSystems":true,"showVisualEffectGraphs":true,"m_FxEnabled":false},"in2DMode":false,"pivot":{"x":2.843494415283203,"y":9.533967971801758,"z":-0.7004015445709229},"rotation":{"x":0.18301868438720704,"y":0.06777520477771759,"z":-0.012648314237594605,"w":0.9806897044181824},"size":7.713304042816162,"orthographic":true}