{"cameraMode":{"drawMode":0,"name":"Shaded","section":"Shading Mode"},"sceneLighting":false,"audioPlay":false,"sceneViewState":{"m_AlwaysRefresh":false,"showFog":true,"showSkybox":true,"showFlares":true,"showImageEffects":true,"showParticleSystems":true,"showVisualEffectGraphs":true,"m_FxEnabled":false},"in2DMode":false,"pivot":{"x":9.968659400939942,"y":9.452279090881348,"z":13.133848190307618},"rotation":{"x":-0.0464155450463295,"y":0.053915489464998248,"z":0.0025088980328291656,"w":0.9974633455276489},"size":12.518735885620118,"orthographic":true}