{"cameraMode":{"drawMode":0,"name":"Shaded","section":"Shading Mode"},"sceneLighting":false,"audioPlay":false,"sceneViewState":{"m_AlwaysRefresh":false,"showFog":true,"showSkybox":false,"showFlares":true,"showImageEffects":true,"showParticleSystems":true,"showVisualEffectGraphs":true,"m_FxEnabled":true},"in2DMode":false,"pivot":{"x":0.000008344650268554688,"y":0.4158087968826294,"z":0.013206683099269867},"rotation":{"x":0.1764669418334961,"y":-0.2687337398529053,"z":0.050151776522397998,"w":0.9455827474594116},"size":0.6609359979629517,"orthographic":false}