{"cameraMode":{"drawMode":0,"name":"Shaded","section":"Shading Mode"},"sceneLighting":false,"audioPlay":false,"sceneViewState":{"m_AlwaysRefresh":false,"showFog":true,"showSkybox":false,"showFlares":true,"showImageEffects":true,"showParticleSystems":true,"showVisualEffectGraphs":true,"m_FxEnabled":false},"in2DMode":false,"pivot":{"x":0.00023043155670166016,"y":0.8593912720680237,"z":-0.0026374608278274538},"rotation":{"x":-0.001987424213439226,"y":0.9979414343833923,"z":-0.038939718157052997,"w":-0.05093945562839508},"size":1.293041467666626,"orthographic":false}