{"cameraMode":{"drawMode":0,"name":"Shaded","section":"Shading Mode"},"sceneLighting":false,"audioPlay":false,"sceneViewState":{"m_AlwaysRefresh":false,"showFog":true,"showSkybox":false,"showFlares":true,"showImageEffects":true,"showParticleSystems":true,"showVisualEffectGraphs":true,"m_FxEnabled":false},"in2DMode":false,"pivot":{"x":0.006160557270050049,"y":0.8322625160217285,"z":0.0062070488929748539},"rotation":{"x":0.07518906146287918,"y":0.3210451900959015,"z":-0.025574039667844774,"w":0.9437574148178101},"size":1.323522925376892,"orthographic":true}