{"cameraMode":{"drawMode":0,"name":"Shaded","section":"Shading Mode"},"sceneLighting":false,"audioPlay":false,"sceneViewState":{"m_AlwaysRefresh":false,"showFog":true,"showSkybox":false,"showFlares":true,"showImageEffects":true,"showParticleSystems":true,"showVisualEffectGraphs":true,"m_FxEnabled":false},"in2DMode":false,"pivot":{"x":-0.7265374660491943,"y":1.3906997442245484,"z":0.06557171791791916},"rotation":{"x":-0.033716678619384769,"y":-0.9655353426933289,"z":0.20125441253185273,"w":-0.1616538017988205},"size":0.10490383952856064,"orthographic":false}