{"cameraMode":{"drawMode":0,"name":"Shaded","section":"Shading Mode"},"sceneLighting":false,"audioPlay":false,"sceneViewState":{"m_AlwaysRefresh":false,"showFog":true,"showSkybox":false,"showFlares":true,"showImageEffects":true,"showParticleSystems":true,"showVisualEffectGraphs":true,"m_FxEnabled":true},"in2DMode":false,"pivot":{"x":0.1124487817287445,"y":0.28949159383773806,"z":-0.04950237274169922},"rotation":{"x":-0.04356963559985161,"y":0.9213918447494507,"z":-0.1082974523305893,"w":-0.370689332485199},"size":0.8660253882408142,"orthographic":false}