{"cameraMode":{"drawMode":0,"name":"Shaded","section":"Shading Mode"},"sceneLighting":false,"audioPlay":false,"sceneViewState":{"m_AlwaysRefresh":false,"showFog":true,"showSkybox":false,"showFlares":true,"showImageEffects":true,"showParticleSystems":true,"showVisualEffectGraphs":true,"m_FxEnabled":false},"in2DMode":false,"pivot":{"x":-0.5633342862129211,"y":1.4742251634597779,"z":-0.643035888671875},"rotation":{"x":-0.011933742091059685,"y":0.10479985177516937,"z":0.00125766487326473,"w":0.9944243431091309},"size":0.4499906599521637,"orthographic":false}