{"cameraMode":{"drawMode":0,"name":"Shaded","section":"Shading Mode"},"sceneLighting":false,"audioPlay":false,"sceneViewState":{"m_AlwaysRefresh":false,"showFog":true,"showSkybox":false,"showFlares":true,"showImageEffects":true,"showParticleSystems":true,"showVisualEffectGraphs":true,"m_FxEnabled":false},"in2DMode":false,"pivot":{"x":0.2250494360923767,"y":1.1814969778060914,"z":0.13000977039337159},"rotation":{"x":0.003060735762119293,"y":-0.9565181732177734,"z":0.01004379615187645,"w":0.2914852797985077},"size":0.6152127981185913,"orthographic":false}