{"cameraMode":{"drawMode":0,"name":"Shaded","section":"Shading Mode"},"sceneLighting":false,"audioPlay":false,"sceneViewState":{"m_AlwaysRefresh":false,"showFog":true,"showSkybox":false,"showFlares":true,"showImageEffects":true,"showParticleSystems":true,"showVisualEffectGraphs":true,"m_FxEnabled":false},"in2DMode":false,"pivot":{"x":2.686591625213623,"y":-0.5187218189239502,"z":21.210880279541017},"rotation":{"x":0.34748509526252749,"y":-0.09959658980369568,"z":0.037147797644138339,"w":0.9316413998603821},"size":9.516619682312012,"orthographic":true}