{"cameraMode":{"drawMode":0,"name":"Shaded","section":"Shading Mode"},"sceneLighting":false,"audioPlay":false,"sceneViewState":{"m_AlwaysRefresh":false,"showFog":true,"showSkybox":false,"showFlares":true,"showImageEffects":true,"showParticleSystems":true,"showVisualEffectGraphs":true,"m_FxEnabled":false},"in2DMode":false,"pivot":{"x":-0.21874889731407166,"y":1.7865015268325806,"z":0.02173800766468048},"rotation":{"x":0.022394513711333276,"y":0.09582853317260742,"z":-0.002156506758183241,"w":0.9951436519622803},"size":1.4743406772613526,"orthographic":true}